{
  "project_info": {
    "project_number": "959310176086",
    "firebase_url": "https://attendance-2cd1f-default-rtdb.firebaseio.com",
    "project_id": "attendance-2cd1f",
    "storage_bucket": "attendance-2cd1f.appspot.com"
  },
  "client": [
    {
      "client_info": {
        "mobilesdk_app_id": "1:959310176086:android:9f6e68fb3faf1d0aba40f7",
        "android_client_info": {
          "package_name": "com.example.attendace"
        }
      },
      "oauth_client": [
        {
          "client_id": "959310176086-mg59jee0tl59tu919ukmicto7f5o50r5.apps.googleusercontent.com",
          "client_type": 3
        }
      ],
      "api_key": [
        {
          "current_key": "AIzaSyAZpDmxAN2tEeQfAv-BjA98ruApu4BJf4w"
        }
      ],
      "services": {
        "appinvite_service": {
          "other_platform_oauth_client": [
            {
              "client_id": "959310176086-mg59jee0tl59tu919ukmicto7f5o50r5.apps.googleusercontent.com",
              "client_type": 3
            }
          ]
        }
      }
    }
  ],
  "configuration_version": "1"
}